Gene,logFC,p
Rap1gap2,-1.502712977,7.66E-08
Taldo1,3.242020077,1.33E-06
Fth1,2.346541507,2.78E-06
Polr3h,3.33265577,6.39E-06
Kdm6b,-2.376700743,1.11E-05
Fdps,-3.095074189,3.42E-05
Caprin1,-2.789016349,5.99E-05
Mlec,-2.541854974,7.69E-05
Actr3,1.91279722,8.15E-05
Itfg1,1.715504958,0.000156276
Wiz,0.955417373,0.000218531
Dhrs7,1.826261914,0.000254008
Anks6,-2.600541249,0.000261676
Cacna1a,-2.044019732,0.000271258
Lmf1,1.813580307,0.000271464
Pogz,-1.338801913,0.000282708
Ptp4a2,1.75505282,0.000294897
Gm5763,1.436099115,0.000334069
Smg6,2.327021695,0.000361126
Xkrx,1.712847557,0.000385972
40422,0.847996907,0.000389173
Snrnp70,2.591024555,0.000391028
1810058I24Rik,1.793753297,0.000430203
Puf60,-2.150347365,0.000439652
Ssbp2,2.48868164,0.000457647
Mfap4,2.083522487,0.000492522
Gm10602,-2.166505134,0.00052729
Smarcd2,1.383125052,0.000532089
Alpk2,1.027110284,0.000538434
Zfp827,3.84585431,0.000575548
Zbtb21,2.007219762,0.000593447
Klc4,-1.542103163,0.000595711
Ube2q1,1.610856252,0.00059753
Gpr182,1.50602777,0.000617216
Puf60,1.23991252,0.000618483
Rasgrp2,-1.411767118,0.000636801
Fbln5,0.685479487,0.000683229
Snx14,-0.852483508,0.000717673
Myadm,1.853562715,0.000731456
Wdr1,2.28778398,0.000751282
Mlxipl,-0.390560913,0.000787027
Tnk2,1.725223007,0.000811124
Adgrl1,1.726073664,0.000820614
P2ry2,-2.393192216,0.000828777
Ccng1,2.40741333,0.000828812
D5Ertd579e,3.20671686,0.000873453
Gm50254,-0.49683159,0.000889653
Polr2d,-2.093282225,0.0009616
Zc2hc1c,-1.079204066,0.000966871
Tmem41b,1.047477863,0.000968464
0610030E20Rik,3.544194743,0.000980263
Rps12,-2.838377481,0.001021047
Smurf1,-2.426907352,0.001152153
Arhgef7,-2.459732453,0.001168878
Gabpb2,-1.763257016,0.001175984
Rchy1,2.311214107,0.001193144
Amot,-0.661489021,0.001210439
Ankrd1,-1.717529019,0.001211998
Cacna1h,-1.785067196,0.001244458
Pycard,-1.600118669,0.001251865
Srsf9,-1.145320495,0.00127578
Usp10,-0.421919812,0.001307078
Snx18,2.912190987,0.001312266
Rps20,-3.014868803,0.001312509
Zfp207,-2.197503328,0.001313688
Ccdc174,1.250715223,0.001342846
Cep135,-0.678606666,0.001386876
Galm,-3.213531749,0.001387762
Mynn,0.804943164,0.001472258
Hip1,1.460717404,0.00147457
Rangap1,-1.197113419,0.001525946
Dnm3,-2.113774427,0.001579673
Fech,1.294142047,0.001589585
Gm9888,2.407129028,0.001604852
Mknk2,1.993520448,0.001613074
Nob1,-2.782274348,0.00162163
Zcwpw1,-0.221454449,0.001625168
Rpl9,2.039320241,0.001804692
Kif18b,0.981130476,0.001869378
Gucd1,-0.847996907,0.001877927
Khnyn,-1.106422059,0.001910738
Lmo7,0.790375578,0.001940748
Rps28,0.914625002,0.001978984
Cox17,-1.968220679,0.001979539
Tlcd2,-0.510215049,0.00198318
Lrig1,-0.80938698,0.001984327
Dennd4a,-2.077441385,0.002011103
1500026H17Rik,-0.934233554,0.002038387
Pias4,-0.781359714,0.002060154
Phyhipl,1.364727892,0.002075338
Nat9,0.728644015,0.002075402
Gm2981,-2.239940161,0.002117081
Meis2,-2.300461422,0.00216521
Fech,2.559468601,0.002180355
Pex2,0.658639739,0.002209915
Igfbp3,1.375391079,0.002218132
Gm15501,1.90020179,0.002218961
Lrrc3b,-1.048869313,0.002219288
Thbs2,-1.047177634,0.00224042
Gm26850,1.656019593,0.002265112
Rbm8a,1.359486428,0.002269586
H3f3aos,1.532923375,0.002286247
Trmt2a,0.64385619,0.00228635
Mios,1.280705432,0.002372334
Mycbp,1.136754559,0.002391441
Mphosph9,-0.289506617,0.002419201
Eif4a2,-1.392329724,0.002427037
Brms1l,-1.893491537,0.002471339
Gm45632,-1.648225447,0.002542887
Cpt1b,-0.929610672,0.002558806
Tmem147os,0.997797197,0.002570965
Brcc3,0.727566896,0.002572459
Eif3i,0.752905248,0.002584961
Atp5mpl,-1.467204922,0.002599543
Gm43435,-1.720726016,0.002654159
Ktn1,-0.684330092,0.002690883
Plac9a,1.565300735,0.002712498
Ehmt1,0.97566222,0.002761075
Pabpn1,1.576857789,0.002784087
Fmnl2,0.939335902,0.002785341
Ddx47,-1.237529491,0.002847539
Whrn,-1.260776172,0.002884614
Lsp1,1.448823809,0.002902249
Nr0b2,3.556930752,0.002918898
Mta2,-1.052911531,0.002948845
Syce2,-2.689153065,0.002952882
Axl,-0.488015731,0.00295585
Arhgef15,2.149020112,0.002986975
Hibadh,0.850259082,0.00300578
Klf9,-0.766615218,0.003031768
Cd63,1.275013169,0.003071226
Nebl,-2.269441,0.003079251
Scaf1,-1.92960526,0.003091255
Cct3,-0.775149123,0.003113478
Rab34,1.831571359,0.003143828
Fam160b2,0.701172928,0.003173057
Spopl,1.020627961,0.003229017
Cysltr1,0.550861657,0.0032298
Gucy1a2,1.175331727,0.003358833
Gm8189,0.623242381,0.003416412
Ccnl1,-0.485426827,0.003423449
Pde4c,-2.676561642,0.00347728
Dmap1,-1.332756351,0.00348508
Slc17a7,-1.228953536,0.00349254
Ak6,1.792099801,0.003503597
Cdh13,-1.707610387,0.003507568
Gmeb1,-0.495207848,0.003514854
Rpl27a,1.528602893,0.003534529
Cdk8,-1.972389953,0.003600539
Mfge8,-1.980474896,0.003609297
Zbtb40,-0.994973477,0.003641861
Mmp23,-0.311201688,0.003643685
Zcchc2,-1.495492026,0.003704125
Timm9,1.917138464,0.00370945
Rabgap1,0.635616444,0.003736146
Sptb,-1.39510957,0.003820027
Gm7846,1.413840668,0.003872165
Slc50a1,-0.807354922,0.003882537
Ilkap,1.181417013,0.003885811
Srgap2,3.541259023,0.00399862
Frmd4b,-1.73174721,0.00400635
Ganab,1.369572686,0.004037527
Prdx2,0.801368824,0.00404637
A4galt,-0.287919489,0.004065121
Cndp2,-1.903423693,0.004098863
Mrpl55,1.093625775,0.004132789
Ccl2,-1.229026588,0.004191134
Xpr1,2.219471328,0.004223294
Accs,1.801994009,0.004242226
Ccm2,0.892105326,0.004274822
Rbm48,0.866998278,0.004340208
Fbxw4,-1.147102164,0.004382185
Spata2,0.72377889,0.004409801
Mtch2,0.660371962,0.004520977
Ncoa1,2.224285547,0.004598549
Gpr108,-0.731234697,0.004611434
Trio,1.067684154,0.004619759
Pgam1-ps2,-2.49427335,0.004674194
Ntrk2,-0.384487572,0.004684939
Nat9,0.598245999,0.004694041
Gm4739,1.036338895,0.004719121
Olfm1,-1.054868251,0.004735948
Tbc1d15,0.821346468,0.004783499
Park7,1.120852227,0.004819283
Ogfod1,-1.197261706,0.004839648
Nudt13,2.063592769,0.004875877
Tmem38b,0.688284942,0.004885468
Sirpa,1.055943323,0.004988614
Hddc3,2.019780807,0.005007998
Zfp408,0.530514717,0.005119004
Fxr1,1.756305904,0.005217366
Rsrc1,1.262726941,0.005232055
Pet100,1.159762672,0.005317468
Rtl8b,-0.472074832,0.005324171
Hnrnph1,-1.059282322,0.00534518
Mus81,-2.120079097,0.005351934
Rchy1,-1.580377911,0.005355195
Anapc2,1.542849334,0.005426981
Pcyt2,-0.727606528,0.005430252
Tnnt2,1.5341585,0.005483927
Stox1,1.588931403,0.00549591
Spg7,-0.736965594,0.005506915
Rcor2,1.337835844,0.005517159
Lrrc59,1.703618518,0.005524058
Arpc3,1.175873201,0.005534037
Ube2e3,0.629292382,0.005563248
Cd74,1.714998231,0.005582397
Sppl2b,2.291849851,0.005590064
Kdm2a,-0.664303481,0.005592686
Zfp658,-1.591531851,0.005630164
Man2c1os,0.751465164,0.005643385
1810026B05Rik,0.708951218,0.005687263
Mad2l1,1.260722061,0.005709405
Rbm27,-0.523134483,0.005715459
Tmcc3,2.049759566,0.005757136
Cbx8,-0.956745559,0.005760198
Pacsin3,1.27216493,0.005762894
Scx,1.92999995,0.005773336
Alox5,0.761083699,0.005782029
Zfp931,1.054112476,0.005791274
Des,0.753476996,0.005862094
Usp19,0.512828895,0.005865157
Dennd1b,1.684961204,0.005880116
Gcc2,-2.11660209,0.005914871
Ahcyl1,0.714647785,0.005939839
St3gal3,1.751899596,0.005947665
Capn2,-1.426976829,0.005957095
Mcoln1,0.628913275,0.006076447
Uap1,-4.156417132,0.006089873
Tulp4,1.697935065,0.006100722
Crtc1,-0.826018447,0.006108823
Dpysl3,-2.081421822,0.006109738
Prdx6,-1.329780354,0.006123036
Ogfod2,-2.812253721,0.006128102
Dusp16,-1.661479558,0.006142711
Pprc1,-1.13978259,0.006222195
Wee1,-1.246193981,0.006268627
Gm10222,0.933475381,0.006305753
Tnrc6c,-1.71239857,0.006314027
Fance,2.3004285,0.006328328
Eif2ak4,-0.94510372,0.006359442
Siah1a,-1.553678264,0.006371011
Yars2,-1.048267646,0.00637369
Irf3,-2.668669991,0.00643492
Ncor2,-1.732651129,0.006550858
Asb13,-0.526933997,0.006593544
1190007I07Rik,0.655899473,0.006597799
Smox,1.22184713,0.006610771
Zcchc2,-1.140206197,0.006617718
Rpl39,1.74945571,0.006635346
Ube2f,1.165037343,0.006663886
H2ac10,1.681144887,0.006717241
Atf7ip,0.871969681,0.006765392
3110040N11Rik,0.985777831,0.006897776
Hmbox1,-0.708536199,0.006957253
Ube3c,2.325499521,0.006996379
Fopnl,-0.751186989,0.007038881
Prokr1,0.584962501,0.007077598
Senp3,0.415037499,0.007077598
Rps12,-1.015048108,0.007080706
Tmem108,-2.836710845,0.007087439
Tnfaip8,-0.906477724,0.007167031
Rtel1,0.344036619,0.00718968
Nkiras2,2.952281473,0.007189952
Hcfc1r1,0.677999197,0.007216693
Taok3,2.13740833,0.007239315
Cep112,-1.351451407,0.007242322
Bcl6,0.992242993,0.007249726
Il17ra,0.872223022,0.00725961
C1qtnf9,-0.860790526,0.007339689
Ech1,-1.502733466,0.007351735
Nudt19,2.165272731,0.007370254
Psen2,-0.957998434,0.007418871
Thop1,-1.925515262,0.007450437
Msh3,-0.615550821,0.007480377
Ctbs,-1.349923379,0.007513927
Ndufs3,1.475157186,0.00753951
Rbm33,-0.782166257,0.007588551
Prkab1,1.370921458,0.007635113
Gtf2i,-1.703335221,0.007636051
Cltb,-0.862829762,0.007706492
Fam222b,0.680675433,0.007724797
Pcsk7,-1.930669275,0.007735791
Thap4,-1.747147871,0.007756852
Nabp1,-0.70121577,0.00776056
Rabl3,1.284052258,0.007765478
Gm12254,1.281360374,0.007811542
Plgrkt,-0.531506707,0.007819886
Stk3,0.474385313,0.007888572
Rbpms2,-0.769757942,0.007898764
Vps37c,1.210456571,0.007903301
Ttc25,2.921197269,0.007920775
Supt16,0.640853702,0.007960839
Agtpbp1,-2.396706667,0.00798191
Strip2,1.885605001,0.00807511
Kcnk6,0.299316659,0.008087782
Clec10a,-0.886786888,0.008105205
Plod3,0.792153601,0.008158767
Chd2,-2.155557605,0.008180122
Memo1,3.384875806,0.008233562
9430085M18Rik,2.228414372,0.008236338
Rtl6,0.462343214,0.00829909
Rnf38,0.915879379,0.008312977
Tmem176a,0.635514767,0.008320862
Pacsin3,1.000499714,0.00843791
Gm10033,0.482367179,0.008440703
38231,-0.807354922,0.008461306
Pcdhga8,-1.136960876,0.008479479
Tmem260,-0.605475219,0.008561913
Nlrc5,0.806380476,0.008567558
Ccar1,-2.084525613,0.008653743
Rps9,1.374864334,0.008658203
Ctnna1,-2.147861049,0.00866457
Atf7,0.658574313,0.008702687
Ppdpf,-1.69360937,0.008763147
Efnb1,-1.37984789,0.008816039
Eif4g2,1.894641866,0.008816244
Gm13889,-0.292671937,0.008873082
Wiz,-1.511720107,0.008990165
Crybg3,-1.337391209,0.008993396
Aldh4a1,-1.653116396,0.008994772
Ttyh3,0.885584167,0.009008444
Thra,-0.737050437,0.009011517
Agpat1,1.72382715,0.009070384
Senp1,-1.46455741,0.009076642
Cyp46a1,-1.9510282,0.009092112
Cramp1l,0.754093264,0.009105068
Anapc16,0.530514717,0.009177557
Pld1,0.733264278,0.009213496
Tnfaip8,1.026499495,0.00926663
Ak1,-1.206284434,0.009279379
Agbl5,3.59033778,0.009315501
Pkdcc,-0.42751682,0.009327234
Snhg12,1.951022999,0.009344712
Eif4a2,-0.848625212,0.00937147
Nudcd1,0.44647837,0.009414598
Baz2b,-1.600337387,0.00943933
Rab9,0.337805419,0.00945863
Gbp9,-1.095480309,0.00949288
Fat1,1.045301837,0.009496807
Repin1,2.427905319,0.009530072
Tpra1,0.606595958,0.00955973
Hmg20a,0.963462521,0.009592201
Gm5069,-2.298696388,0.009597012
Homer2,-0.53776671,0.009600124
Gm48194,1.433443799,0.009611668
Kdm4a,-0.584962501,0.009678952
Dcakd,-0.554104538,0.009689155
Gm5620,1.012712462,0.009701197
Zdhhc16,0.873503412,0.0097131
Phf20l1,1.048787554,0.009872631
Sh3glb1,-1.598191496,0.009895654
Eml6,0.785155588,0.009903381
Hnrnpk,-0.697388413,0.009905385
Snx17,-0.941183391,0.009943742
Cbarp,0.607765844,0.009943841
Gda,0.763954897,0.009947791
Cwf19l1,1.67710452,0.009962246
Isyna1,-0.527773118,0.009983827
Dph7,0.9853676,0.010020703
Fmr1,-0.781467661,0.010021568
Zbtb20,0.672425342,0.010056395
Aqp8,0.42179939,0.010077458
Myocd,1.093109404,0.010079562
Taf7,-0.528035433,0.010084743
Rpl3,0.893084796,0.010179561
Trim24,-1.804507055,0.010184253
Rbpms,1.140379626,0.010386772
Usp7,-1.867572303,0.010399629
Ahctf1,-0.456400139,0.010404359
Sqstm1,1.797494065,0.010407505
Zfp995,0.249778309,0.01041359
Rgs2,-0.710493383,0.010417166
Hmgb1,1.841825279,0.010420261
Mdk,-1.904860185,0.010432177
Gosr2,-0.572106655,0.010443874
Nhp2,1.409808443,0.010472916
Tmem177,1.045139834,0.010544517
Smarca4,0.857555735,0.010546045
Mrpl30,0.993655921,0.010571411
Sirt7,-0.347645554,0.010592115
Dlc1,-1.212408293,0.010605369
Acer3,1.320192067,0.010620178
Hnrnpc,0.689957099,0.010642205
Stard3,0.605421196,0.01065833
Vrk3,-2.253331408,0.010769798
Zfp446,-1.045210973,0.01078731
Mrpl16,-0.863846143,0.01079159
Cald1,-1.350908604,0.010821947
Nop56,1.135217856,0.010890636
Wif1,-0.584962501,0.010943588
Qrich1,2.14266712,0.010952515
Stk19,-1.285886112,0.010962171
Stat5a,0.949764104,0.01100805
Qser1,-0.53732243,0.011042014
Aldh18a1,2.267752955,0.011063575
4632418H02Rik,-2.942620753,0.011098335
Rhbdd3,0,0.011201433
Nckipsd,0.826675327,0.011221862
Tcf7l2,-0.547670635,0.011250463
Ano8,1.046874023,0.011337039
Siae,2.112788838,0.011337416
Cln6,1.41840881,0.01139559
Srm,-0.812896923,0.011429613
Atp5mpl,-1.043564032,0.011433552
Lekr1,-1.598083642,0.011469812
Ttpal,0.955512599,0.011492506
Kif1c,-0.469017667,0.011548167
Fnbp1,2.366587014,0.0115805
Ceacam1,2.008621926,0.011620145
Alg1,0.812612822,0.011639671
2310001H17Rik,-0.886678263,0.011648133
Ppie,0.483753231,0.011664589
Ripk2,-0.957294841,0.011767572
Cryzl1,-0.849583157,0.011811373
Hras,-1.581082386,0.011861165
Rchy1,0.226976452,0.011920323
Zdhhc6,1.109788224,0.011937778
Psmc6,0.490588532,0.011970288
Gm14387,1.033549615,0.01199825
Scfd2,0.049110504,0.012030851
Derl1,-0.576696498,0.012041935
Nr2c2,1.480572563,0.012118829
Zswim8,-2.006165373,0.012201767
Btla,-0.844154023,0.012226374
Acta1,-0.906890596,0.012240806
Nbdy,1.106416334,0.012258151
Odf3b,-0.934283062,0.012261506
Ppl,-0.777186169,0.012277586
Coro7,1.174432523,0.012349314
Xpo7,0.860074774,0.012356857
Phf24,-3.08181841,0.012370389
Fam126b,-2.554688946,0.012382177
Gm50209,-0.557192476,0.012390057
Adck5,0.934653375,0.01245806
Tnf,-0.867606868,0.012490345
Ehbp1l1,-0.94753258,0.012525678
4930579G24Rik,-0.384051112,0.012584396
Ube2d3,0.617827135,0.012609057
Wdhd1,-1.544924454,0.012609101
Hmgcl,0.170823117,0.012653541
Tardbp,-0.494630181,0.01266255
Erh,1.905339992,0.012671076
Zfp61,1.676999287,0.012682258
Nrxn2,-2.089731525,0.01272586
Dld,-1.950133932,0.012825999
Cuta,0.496979113,0.012856465
Ech1,0.326710285,0.012866275
Pml,-1,0.012894593
Git2,-2.003709108,0.012941613
Obsl1,-1.00495101,0.012955472
Lgals8,1.46101195,0.012999623
Axl,-0.52486204,0.013024868
Ermard,1.108637323,0.013068211
Rnf13,0.753075467,0.013089525
Dalrd3,1.452600652,0.013090214
Vps4b,-0.873456305,0.013092688
Stk11ip,-1.220923594,0.013093075
Rbm7,1.726865481,0.013132918
Tyk2,-1.536390086,0.013158793
Tti1,-0.577025789,0.013159546
Ms4a6d,-2.486662614,0.01316124
Krt80,0.785890801,0.013169429
Vwf,-0.612897007,0.013190988
Sympk,1.461079389,0.013205197
Gsk3b,1.196327262,0.013211157
Sdccag8,1.588654993,0.013232846
Slc38a10,-0.665873234,0.013350992
Oxnad1,0.523659152,0.013395835
Fmo5,0.697211443,0.013450649
Lpl,0.813885402,0.013468156
Gm16229,1.469558722,0.013496563
Washc2,-1.548529672,0.013546297
Setd4,-2.287752947,0.013600301
Tcim,-0.698113605,0.013635906
Cdk16,-2.224840569,0.013686738
Doc2g,-0.829755191,0.013712178
Erp29,-2.018738387,0.013714858
Ptbp3,-0.852544688,0.013725374
Eci1,3.503364609,0.013799804
Hpn,-0.934216581,0.013876629
Ldb1,-0.812151058,0.013920282
Nav2,0.707343078,0.013988418
Rpl11,1.909191807,0.014018387
Fam45a,0.974715412,0.014036084
Rccd1,-2.254417516,0.014071903
Khdrbs3,-0.839918812,0.014105194
Prkrip1,0.961981337,0.014106543
Dennd4a,0.919953207,0.014108425
Prr22,0.748893515,0.014129414
3110009E18Rik,-0.683683671,0.014134804
Mrpl48,0.519348528,0.014165818
Katnb1,-2.669492323,0.014195854
Brcc3,-1.618029626,0.014242524
Evi5l,-0.950544876,0.01430146
Stk25,0.09385304,0.014333293
Six1,-1.35982189,0.014336251
Metap2,2.015106892,0.014349588
Gm10635,1.45266004,0.014418145
Prrc2b,1.906890596,0.014423778
Bmp1,-2.007250307,0.014430647
Phf3,1.720726562,0.014471365
Fam57a,0.479476335,0.014476277
Sipa1,0.364424985,0.014507654
Immt,4.114988639,0.014513186
Tep1,-0.626782676,0.014573454
Rbms2,1.384657402,0.014579924
Plekho1,-1.433272573,0.014615865
Zfp655,-0.827993429,0.014620214
Fasn,1.018861609,0.014665146
Cntln,0.473241945,0.014780962
Cdk16,-2.472174447,0.014785736
Nme3,-0.39978024,0.014794822
Pcca,0.973384144,0.014809989
Cnga3,-1.1312122,0.014885912
Islr2,1.157792976,0.014891082
Tiam2,-0.417275971,0.014900433
Abcg2,1.049366077,0.014952464
Carmil1,-0.958263882,0.014979994
Ebf1,-1.19069062,0.014991434
Rxrb,-0.961117102,0.015046373
Alg12,-0.03976861,0.015053468
Tia1,-1.740922019,0.015077767
2310061I04Rik,-0.748847173,0.01528944
Anpep,-1.404350327,0.015294443
Acsm5,-0.996115202,0.015337448
Slc25a20,0.646192128,0.015373334
Sec61g,-1.86319849,0.015478034
Pafah1b1,0.831407704,0.015517304
Slc9a1,1.599474923,0.015628565
Acly,-1.01850139,0.015644063
Asb7,1.058615418,0.015659187
Mamstr,-2.384038191,0.015735624
Baz2b,-2.087356309,0.015739651
AB124611,2.296242667,0.01575882
Ube2m,0.736965594,0.015779776
Qrich1,-1.327710559,0.015824982
Igf1,-1.216131322,0.015854547
Tmem44,-0.78693971,0.015870424
Foxp3,0.602831001,0.015874258
Ghr,0.79041648,0.015886583
Fmnl1,0.807354922,0.01596741
Tango2,-0.609970484,0.015969876
Inafm2,1.853790921,0.016019462
Atl2,1.25649156,0.016022709
Rdh14,-1.408847644,0.016076092
Selenop,1.221526198,0.016100178
4930511M06Rik,-1.367698962,0.016118922
Icosl,-0.97751472,0.016186197
Trip4,-0.852560779,0.016193472
Xrcc4,2.664713784,0.016231131
Pirb,0.595058207,0.016278303
Cdc14a,-1.326764559,0.016386651
Arpp19,0.771175154,0.016396922
Rpl13a,-1.30271201,0.016424231
Mcl1,0.836588349,0.016439179
Cdpf1,-0.908798393,0.016449372
Stard3,-0.587283813,0.016521246
Fxyd2,0.639552852,0.016541213
Abcd4,-1.15899536,0.016543177
Acin1,-1.169842677,0.016563839
Dhdds,-1.476164554,0.016574698
Cops3,1.793994273,0.016587693
Zfp827,1.159005321,0.016656946
Cse1l,-1.981725111,0.01669159
Fut10,-1.463570569,0.016693882
Fbxo22,1.429322951,0.016758279
Nploc4,-1.099197845,0.016767657
Prr33,-2.429574262,0.016793319
Mrrf,0.990753483,0.016800262
Ifit3b,0.820248613,0.016836796
Erc1,-1.873108545,0.016838471
Pdlim7,3.817831683,0.016842851
Tnrc6a,-0.785173602,0.016865825
Rps9,-0.194834629,0.01688655
Psenen,0.947585919,0.016921014
Vdac3-ps1,0.108389556,0.01695812
Pkn1,0.228055608,0.016966044
Ndufa9,1.039813092,0.017000888
Vps37a,-1.638336797,0.017003922
Cant1,1.951043863,0.017007359
Tpmt,0.765652399,0.017039722
Hnrnpa3,0.802702839,0.017075653
Ccar1,-1.209162111,0.017085128
Ppp1r2,0.34384035,0.017145928
Camkk2,-0.831431177,0.017223558
37681,0.931514095,0.017247804
Map6,-0.402275713,0.017263453
Mill2,-0.754474762,0.017313712
Cdk2ap1,0.601112843,0.017347104
Gm13341,-1.098333922,0.017349846
Lztfl1,1.086685417,0.017391354
Srd5a3,0.923721824,0.017432078
Alyref2,0.963142421,0.017435556
Ptges3,-1.523402598,0.017443183
Zfp410,-1.175882022,0.017501655
Slco2b1,1.026845392,0.017527324
Nde1,1.484654163,0.017581139
Susd2,-0.381324508,0.017617352
Ecsit,3.444475571,0.017644964
2210407C18Rik,-2.206142731,0.017766526
Htt,1.673698525,0.017805913
Akr1a1,-0.271284754,0.017833848
Fut10,1.188198991,0.01790365
Vkorc1l1,-1.104987802,0.017941685
Tspan6,1.204708349,0.017978831
Gm15609,-0.837550119,0.017988238
Ccnt2,-0.275634443,0.018006915
Ap1g1,0.463918702,0.01802691
Cars,-0.152257964,0.018029755
Elf2,0.602431312,0.018050964
Rbm6,-0.28530357,0.018062468
Scrib,1.624135309,0.018065169
Wdr26,0.963496672,0.018096811
Kptn,-2.721756858,0.018106024
Notch4,0.731351443,0.018116802
Polr3g,2.533982171,0.018136956
Gm3587,1.549891528,0.018191957
Spag1,-0.733213459,0.01822826
Ncor2,-1.023030969,0.01827133
Mecr,1.024353725,0.018281517
Ccdc69,-0.993985797,0.018301021
Atg2b,-0.592665162,0.018347793
Saal1,-0.191858844,0.018397824
Pafah1b2,0.868310227,0.0184013
A830082N09Rik,2.088303669,0.018452858
Ap1g1,0.929443328,0.018530488
Chrac1,0.934650299,0.018612372
Gaa,-1.886240922,0.018633372
4632404H12Rik,-1.088325418,0.018640461
Scmh1,-0.653681076,0.018702612
Med23,0.696563565,0.018748852
Gm15265,-1.08169945,0.018760376
Engase,-0.526068812,0.018773457
Il3ra,-1.398467572,0.018775207
Csnk1d,-0.580976409,0.018802754
Fiz1,-1.002888591,0.018834673
Ddb1,1.216506133,0.018838719
Rpl15,0.966269308,0.018999829
Pcbp4,-1.924301943,0.019011706
Plekhj1,1.87857404,0.019017437
Zscan22,-0.809685329,0.019093864
Pcdh1,-1.385432545,0.019149492
4933429H19Rik,0.904220296,0.019212036
Fam49a,-0.33912371,0.019220767
Fbxw17,0.833487022,0.019240125
Lmo7,-1.155028992,0.019312525
Nxpe4,2.73795852,0.019315159
Kcnj8,1.909109917,0.019331078
Zc3h7b,-1.634952503,0.019354382
Shtn1,-1.7082135,0.019363518
Stim1,1.088171669,0.019371919
Nipa2,0.453290388,0.019384577
Nbeal2,-0.579228817,0.019413873
Ap2m1,-2.37503628,0.019454332
Ift46,1.819057157,0.019489952
Rpusd1,-0.581752944,0.01949892
Stk3,-1.590374154,0.019505416
Vps52,-0.850408927,0.019554034
Crocc,-0.458532484,0.01959041
Washc3,-0.910691787,0.019615539
Acot3,-0.962211403,0.019625918
Lrrcc1,0.524169295,0.019644391
Shc1,-0.89246897,0.019644719
Slc9a8,-0.364310492,0.019658983
Rnf130,-0.660247592,0.019721019
Mtss1,-1.544048753,0.019752953
Nf2,-1.943728362,0.019784368
Aopep,-0.320069729,0.019834305
Pgls,-0.865189774,0.019838337
Fgf7,-0.860990428,0.019843191
Thrap3,-0.768198977,0.01987236
Gm43127,0.858885851,0.019908367
Armc2,-0.49993908,0.019946344
Speg,2.148292285,0.019987145
Fam111a,-0.434734329,0.019996416
Dbt,-0.661036534,0.020026744
Atp5d,0.841334207,0.020028343
Gata2,-0.859067899,0.020044436
Fas,0.367992248,0.020055146
Setd6,-0.681923963,0.020092509
Cspp1,-2.005892152,0.020180656
Ercc8,0.874469118,0.020212237
Golga3,-0.611584898,0.02021767
Wdr26,0.857817154,0.020279981
Gpt2,1.342875095,0.020318993
1190007I07Rik,1.339967763,0.02034182
4933434E20Rik,0.407243173,0.020363072
Hnrnpa2b1,1.568009319,0.02036571
Rexo4,-0.996171597,0.020382532
Plekho1,-0.190969197,0.020398272
Zfp35,1.335875809,0.020417011
Ubl3,-0.81915135,0.020509858
Prkg1,1.156214281,0.020584256
Flt3l,-0.913740022,0.020621733
Stx2,-0.642837967,0.020636453
Zfp597,-0.719140171,0.020671111
Zfp592,1.02598193,0.020701459
Smarcc2,0.718795131,0.020712288
Rab3ip,1.64422772,0.020720662
Mthfd2l,-1.662525681,0.020751337
Ndfip2,0.477792439,0.020814176
Pdcd11,-0.380669086,0.020824169
Hmcn1,0.586848776,0.020871342
Rbl2,-0.767419391,0.02087533
Plec,0.817786958,0.020968645
Gm44321,1.292989993,0.021011692
Mapk8ip3,-0.611434712,0.021027798
Clec4n,1.660360656,0.021066401
Gxylt1,-0.616613654,0.02116334
Cd34,0.603174625,0.021166252
Snta1,1.477662337,0.021180933
Rsph3a,2.01258173,0.021189389
Emg1,-1.286427096,0.021255879
Nrg4,-1.175860751,0.021258408
Pik3cg,-0.180238342,0.021287362
Akirin2,0.557290519,0.021297399
Art1,0.893011829,0.021303437
Stx17,0.150858038,0.021343314
Ndufv2,1.199225553,0.02139357
Cfl1,0.487350232,0.021412981
0610010K14Rik,-1.158535188,0.021414691
Zfp866,-2.340585253,0.021425005
Rpl7,1.005399152,0.021457028
Rif1,-0.668555865,0.021509775
Tpm3,-0.880834747,0.021592858
Arih2,1.262508058,0.021681967
Gprasp1,-0.725673558,0.021719307
Creld1,1.184045451,0.0217826
Ift81,0.598151029,0.02193524
Pfn4,0.820053773,0.021966063
Tubgcp4,0.624249227,0.022020315
Dcun1d1,0.491928566,0.022029693
Eef2kmt,-0.972663812,0.022060739
Lta4h,-0.202185446,0.022068874
Trp53bp2,0.710493383,0.022118467
Aars,0.796154765,0.022135962
Zscan18,-0.222222643,0.022162736
Chaf1a,0.571811219,0.022170909
Gm45380,-1.514270096,0.02220729
Hdac6,0.454052723,0.022239185
Snx29,-1.215706375,0.022294334
Art5,-0.4058775,0.022309336
Arsg,1.523441149,0.022320078
Ap3m2,-0.662394875,0.022321731
Plekhm2,0.656018743,0.022441952
Pfkp,0.510508006,0.022442352
Ube2h,-1.596620905,0.022444137
Mks1,-1.278572493,0.022472572
Tbc1d15,1.555104378,0.022486141
Gnb4,1.133678786,0.022556479
Mterf3,-0.7230563,0.0225619
Aldh6a1,1.054264666,0.022596318
Rab5c,2.475869643,0.022652602
Upf3b,-1.056308143,0.022713528
Tmem214,-0.566672489,0.022750944
Rsrc1,0.670203951,0.022755792
Adrb1,0.761376273,0.022784429
Zdhhc24,1.021431381,0.022789039
Ints11,-0.860687215,0.022831736
Mif,-0.758821985,0.022831932
Camk2d,-0.953703554,0.022875051
Gtpbp3,1.553874453,0.022892504
Cep131,-0.920508305,0.023036392
Hadhb,-1.062029934,0.023088383
Nipsnap2,2.163153,0.02319276
Tnfrsf10b,1.810488609,0.023284303
Raf1,-1.54800576,0.023311937
Gm50455,-1.06990883,0.023386097
Hnrnph2,-0.678071905,0.0234175
Zfp523,1.265573108,0.02342
Fam107b,1.065830265,0.023431799
Arrb1,-0.635489959,0.023433402
Srsf9,1.210150957,0.023447359
Dnttip1,-0.685183387,0.023447558
Ifnlr1,-0.730036167,0.023451771
Ino80e,-0.916476644,0.023475475
Rad18,2.300103486,0.02351147
Pck2,0.480265122,0.023516536
Ext1,-2.260318008,0.023517012
Cend1,0.769368444,0.023521549
Atp6ap2,0.938090902,0.023632173
Ets2,-1.17828108,0.023826406
Erp29,-0.382305339,0.023880188
Thoc1,-1.326700418,0.023903058
Ccdc166,-1.143159836,0.023968713
Ptpra,-0.641546029,0.023972059
Fam199x,-1.575657557,0.023975369
Klc1,1.218740027,0.023992915
Rfk,-0.677182077,0.024024151
Napa,0.834886411,0.02405362
Tial1,1.173950389,0.024076459
Myl6,-1.32775007,0.024103605
Cfl2,-0.87337417,0.024113474
Gm8894,-1.333467373,0.02413701
Bnip3l,1.359446831,0.024215017
Smarcal1,-1.551812052,0.024276008
Acsf2,-0.518058851,0.024325161
Tacc2,0.4639471,0.024498909
Mrps18b,-2.199498528,0.024507885
Sun1,-1.840483059,0.024546426
Mlxipl,0.536059975,0.024547685
Gm28229,1.533154757,0.024588189
Erc1,-0.222392421,0.024615978
Pdlim4,1.851088834,0.024633475
Pxylp1,-0.26808874,0.02464392
Ndufaf4,1.117108303,0.02476013
Mycbp2,0.583399998,0.024793163
Mapk1ip1l,-1.79930535,0.024793394
Cd274,-0.389281081,0.024796194
Pcbp2,-1.090328975,0.024805366
Asb16,0.891106245,0.024835385
Ppip5k1,-0.357031896,0.02491153
Trmt1,1.013025918,0.024923663
Timm10b,-0.694838837,0.024977412
Ppm1h,0.342517201,0.024998241
Uimc1,-0.305597443,0.025033813
Phyhd1,-0.863797207,0.025047423
Miip,1.740592019,0.025063145
Eif4g1,-1.331012187,0.025096205
Tes,-1.090268397,0.025098422
Jkamp,-1.350497247,0.025116532
Uspl1,0.912868263,0.025147469
Necap2,1.835358201,0.025189144
Bend7,-0.21968377,0.025234393
Kif16b,0.604943731,0.02530605
Pcnt,-1.417036133,0.025311455
Ciz1,-1.731463829,0.025353611
Zfp874a,-0.803191297,0.025437844
Fbxo21,1.098307582,0.025463316
Desi2,1.73477513,0.025464124
Wbp11,-0.721057151,0.025473509
Mrpl36,0.660656024,0.025496137
Plekha6,1.907914853,0.02550176
Clu,1.34728919,0.025539462
Kctd1,-0.939310797,0.025623156
Hspa2,0.578248054,0.025626842
Dync1i2,0.754887502,0.025634219
Ttbk1,0.739719551,0.025648292
Phldb3,-0.722466024,0.025684293
Gabarap,1.041533062,0.025776834
Ranbp1,1.286201151,0.025801569
Washc1,-0.815870482,0.025829297
Hopx,0.943845174,0.025856482
Ganc,1.199910568,0.025858846
Wdfy1,-0.225347755,0.025998326
Ppp1r16a,-2.892265201,0.026063622
Atp6v0e2,-1.31094688,0.026067518
Scnm1,-1.222386104,0.026100552
Fn1,-2.054764753,0.026140675
Plekhh3,1.173453116,0.026180854
Olfr1393,-1.57122512,0.026184764
Rab7-ps1,-0.61667136,0.026198513
Smg7,-0.226948647,0.026206983
Sbno1,0.250599847,0.02628988
Kifc5b,-2.466597021,0.026314983
Gm16199,-1.759875879,0.026331814
Smug1,-0.56067934,0.026379925
Pitpnm2,-0.286556669,0.026392067
Ankrd46,-1.382542219,0.026395354
Adgrg2,1.123984286,0.026413082
Ppp3cb,-0.384567923,0.026427972
Ssr4,2.098983011,0.026441219
Rlim,-0.95756306,0.026478676
Myct1,-2.299857202,0.026483992
Arfgef2,-1.711042249,0.026488693
Cul7,1.487213345,0.026493605
Aplnr,1.875103479,0.026506844
Aup1,-1.840011252,0.026612867
Tet2,-1.019644929,0.026635641
H2-Q4,-1.316858326,0.026676275
Rnf220,-2.43692669,0.026774064
Hnrnpa1,-1.038277143,0.026834543
Hdlbp,1.693081714,0.02692539
Ppp1r14b,2.026492253,0.026928109
Gm40841,-0.207272234,0.026992838
Ppip5k2,0.400615442,0.027008353
Zfp746,1.907620573,0.027034395
Ei24,0.642400637,0.027057687
Hadhb,-1.580169896,0.027061285
Mff,-0.710630666,0.027075707
Pcdh17,1.082112318,0.027115268
Gm9889,-1.64966819,0.02712609
Sh2b1,-0.415037499,0.027172643
Ppan,1.658810756,0.027175462
Ptgds,-0.594329605,0.027178325
Cherp,-1.213850377,0.027183889
Atp9a,0.920959535,0.027184403
Mpv17,-1.122268541,0.027186279
Txnl4a,0.454496977,0.027212837
Ctsl,-1.154415137,0.027221653
3222401L13Rik,-0.984877251,0.027226604
Nsfl1c,-1.510965216,0.027229901
Rn7s1,0.770458901,0.027230179
Zfp772,1.159398319,0.027250381
Gne,-0.498805857,0.027306805
Spon2,-1.432756607,0.027393874
Tmem240,-1.994042545,0.027408956
Zfc3h1,-0.5425114,0.027471209
Ensa,-0.318902134,0.027527751
Ptgds,-0.070097358,0.027594506
Ctr9,-1.620857941,0.027635509
Abce1,-0.389655348,0.027674155
Tmcc1,1.617168428,0.027714222
Zfp182,-1.148872723,0.027769187
Sprtn,-1.649165841,0.027789655
Pcdh12,-0.882340494,0.027841201
Slc20a1,1.152003093,0.027919724
Ptk2b,1.370860431,0.027965548
Rrp7a,-0.741430799,0.028001549
Pam,-0.287360677,0.028037626
Rassf4,-0.526635797,0.028073386
Rapgef2,0.478907959,0.028075729
Ufd1,-2.353503956,0.02808059
Nt5c2,-0.896565757,0.028085785
Fbrs,-0.636480367,0.028107046
Plac9a,0.840587967,0.028144149
Foxk1,-0.339959773,0.028196619
Atp5a1,-1.56112397,0.028244468
Tmcc1,-1.059263264,0.028261537
Gm26737,-0.408889018,0.028276475
Adgrg2,0.696511402,0.02833087
Ppp2r1a,1.057293377,0.028372828
Chst7,-0.73177669,0.028375549
Irak1,-1.195688098,0.028400061
Sall2,-0.736327092,0.028429147
Tmod2,-0.49220536,0.028462017
Cmtm5,-0.355104385,0.028488855
Rps24,-1.079295665,0.028555395
Krt222,0.975773744,0.028574241
Atxn7l3,1.420107699,0.028583236
Ipo4,-1.146333597,0.028587834
Extl2,0.507278023,0.028587979
Zfpm2,0.996996221,0.028594777
Gm42664,-0.56759369,0.028632895
Trp53i11,0.427110332,0.028635492
Arhgap21,0.712793284,0.028701213
Tulp4,1.532246192,0.028703576
D430040D24Rik,-0.699323285,0.028715065
Smc1a,-1.301429968,0.028759689
LTO1,-0.986187784,0.028778313
Adcy3,0.697450566,0.028780159
Rgmb,1.393165967,0.028786712
Cox4i1,0.811972007,0.028802603
Ccdc167,-0.416586438,0.028874969
Tomm34,-0.744161096,0.028881109
Klhdc4,-1.221424494,0.028939722
Psma1,-0.492588472,0.028939946
Gper1,-0.321928095,0.028946799
Pon3,0.486064639,0.028961397
Ubl7,1.097241764,0.029018878
Rcor3,2.083106348,0.029048866
Gm9917,-3.456087878,0.029064453
Etfdh,-0.47658778,0.029066632
Rmnd5b,0.451456769,0.029076458
Nxn,-0.856199228,0.02908308
Ctc1,-0.758643408,0.02908964
Syf2,0.919648671,0.029097914
Psmd8,-0.679053798,0.029100014
Tnfsf10,1.064627523,0.029132459
Washc2,-2.25499069,0.029136207
Zkscan3,-0.563832529,0.029182063
Tomm40,1.895467027,0.029208874
Clasp2,-0.27087658,0.029215598
Ctdspl2,2.091342965,0.029258538
Otud5,1.124205954,0.02928708
Usp16,-1.100174864,0.029338301
Sirt4,-1.218147117,0.0294071
Camkk2,0.519050571,0.029445193
Klhdc3,0.619099602,0.029455637
Khdc4,-1.128836793,0.029458417
Zgpat,-0.915045039,0.029466408
Spaar,0.362433006,0.029468914
Zfp330,-0.736965594,0.029492168
Gm12802,-0.569834466,0.029506481
Tmem237,0.512575762,0.029517633
Wtap,-0.858728818,0.029558013
Cnn2,-0.529418907,0.029576996
Ccdc61,-1.046674051,0.02960029
Pkn2,-0.811162964,0.029622965
Npepps,1.689469695,0.029657006
Epb41l3,-0.458840785,0.029657416
Msn,0.812700008,0.029718054
Aspg,1.834005401,0.029808726
Heca,-0.456620611,0.029842138
Dbi,1.395044545,0.029865819
Cnot10,-0.651723617,0.029874655
Lonrf2,-1.124158489,0.029879409
Ifi209,0.943379099,0.029909628
Sec61a1,0.491144504,0.029953246
Nt5c2,0.114850928,0.029955486
Aopep,1.970279132,0.029999719
Mdm1,0.574533377,0.03001406
Anapc5,-0.811667672,0.030049424
Fnbp4,-0.832364738,0.030063658
Supv3l1,-1.823877918,0.03007887
Polr3d,-0.631758748,0.030092382
Mier1,0.67750808,0.030101608
Kctd1,1.140700096,0.030110533
Acsl6,0.287683643,0.030145067
Ncoa3,1.241204189,0.030234648
Tfdp2,-2.264564548,0.030280197
Tob2,-1.007951435,0.030284821
Ric8b,0.561992018,0.03030515
Rce1,1.36477971,0.030350043
Odf3b,-0.661315583,0.030351195
Ppp1r12a,-0.735068836,0.030363141
Zfp277,1.36865359,0.030385339
Gm16089,0.222392421,0.030385964
Ccdc149,-0.041820176,0.03040272
Phactr1,2.290707519,0.030423082
C130051F05Rik,-1.055438986,0.030457616
Ankrd16,0.415037499,0.030466292
Cldn23,-0.415037499,0.030466292
Bicd1,1.066931547,0.030522693
Trim68,0.959130948,0.030595791
Med18,0.675076784,0.030625988
Plxnd1,0.828113482,0.030631921
Trio,2.943411475,0.030680286
Arhgef15,1.498245397,0.03069134
Ss18,-0.754785711,0.030710972
Pip4k2a,-0.445426566,0.030748423
Gm50240,-0.643671808,0.030781434
Pcbp2,-0.41105441,0.030816839
Tmem52,0.930586607,0.030827811
Serbp1,1.235522842,0.030843199
Nif3l1,-1.268553375,0.030868291
Riok3,1.357729146,0.03087679
Abi3,-0.985096189,0.030904869
Mapk8,-1.521891166,0.030909493
Bcl2l12,0.867176931,0.030946208
Gm50163,-0.500491441,0.030959542
Npepl1,-0.110767439,0.030988806
Arl4d,-3.593376736,0.031047309
Gm17473,0.734744354,0.031050933
Fuz,0.397479128,0.031094522
Fsd1l,0.806950073,0.031119455
Lysmd3,1.877390133,0.031142265
Scyl1,0.767880315,0.031156356
Gm48898,-0.683846284,0.031159854
Rmnd1,0.662965013,0.031164606
Ampd2,0.524677024,0.031199319
Pcm1,-1.625571958,0.031220846
Tmem260,0.629826117,0.031229185
Ergic2,1.104308267,0.031232498
Mmp14,0.625795305,0.031235117
Sdc1,-0.794323724,0.031254814
Mdh2,-1.181662131,0.031256279
Mdm2,0.402993165,0.031280222
Sgk3,-0.490028978,0.031338526
Tle2,2.498560646,0.03134199
Jmjd1c,0.902150985,0.031355564
Tmem86b,-0.293930665,0.031412023
Spg20,-1.03718696,0.03148131
Crppa,1.017335573,0.031502273
Stag1,-0.055792189,0.031524528
Spata5,2.108280296,0.03152652
Gm35853,-0.814568412,0.03152998
Tmem80,0.826267501,0.03159185
Pogz,-0.387927928,0.03160076
Spag9,2.941272165,0.03166472
Csgalnact1,1.566831194,0.031697745
Ctnna1,-0.623380407,0.031763699
Gatad1,-0.452605961,0.031806957
Cfdp1,1.74546686,0.031811862
Ndfip1,-1.181750437,0.031870572
Timm10b,0.49183367,0.031906694
Myo18a,0.810839097,0.031908457
Chd1l,1.159375225,0.031931264
Polg,-1.075156661,0.031942893
Ndufs5,0.684268171,0.031999648
Gprc5b,1.109056903,0.032010501
Lrrc36,0.725324195,0.0320436
Ammecr1l,0.73459121,0.032113272
Zzef1,-1.147255085,0.032131105
Adam15,1.077910709,0.032138467
Rpl12,-1.751824924,0.032150954
Prr14,-1.162102641,0.032151199
D630039A03Rik,-0.546186411,0.03218466
Nme7,0,0.032213787
Rit1,-0.738385855,0.03223214
Lamb3,0.112299496,0.032262332
Pycr2,1.247734416,0.032294101
Gm42595,-0.520060845,0.032331362
Gm21926,-0.152003093,0.032347106
Slc22a1,1.280208705,0.032370965
Gm29237,-0.458540558,0.032459778
Tmc6,-0.75771949,0.032476264
Taf6l,-0.625918779,0.032490903
Mtus1,-1.005532594,0.032504867
Spcs1,1.454656449,0.032542933
Cdk9,1.009401273,0.032553934
Smad2,-0.314524826,0.03256571
Ifi27,-1.032416788,0.032623077
Ndufs4,-1.304885536,0.032628953
U2af1l4,0.843130024,0.032663012
Ebf4,-0.777297705,0.032673384
Gm37376,0.700039025,0.032723307
Serping1,1.227978252,0.032751115
Dtnbp1,1.180328791,0.032753822
40057,1.321939848,0.032755437
Raly,1.686267898,0.032824012
Fam78b,1.300744045,0.032901051
Mapk12,-2.055177145,0.032915212
Ddb1,1.271848385,0.032936177
Arap1,1.508484167,0.032943733
Rnf217,-1.924416648,0.032953016
Ppp1r15b,0.746409035,0.033053675
Gm6649,-1.05660223,0.033099663
Sgta,-0.542463936,0.033112043
Csnk2a1,-1.006153865,0.033113836
Fubp1,0.336957587,0.033125541
Cdca2,0.571811356,0.033148324
Rpap1,0.614893032,0.033188911
Gnpat,1.1271583,0.033195721
Lamtor1,0.578962912,0.033304459
2610507B11Rik,-1.365160826,0.03331891
Dlat,1.273418491,0.033325644
Rasl12,1.253539693,0.033335293
Idh3g,-1.163712452,0.033457488
Bricd5,1.373022309,0.033473556
Gm45805,-0.837251945,0.033496888
Nfyc,0.528378972,0.033519558
Fam227a,-1.190719498,0.033533079
Lman2l,0.566312115,0.033605978
Dzank1,0.737933521,0.033643108
Zfp687,-0.386359967,0.03364618
Zfp945,0.193081898,0.033676455
Gnb3,-1.071415384,0.033677894
Atp6v1a,-0.454367292,0.033710785
Slc35c1,-1.578164853,0.033725647
Slc15a2,-0.679702525,0.033786646
Fam13c,-1.746617144,0.033816205
Agbl3,1.692790251,0.033845152
Dhps,-0.988135312,0.033881185
Mbd6,0.23720191,0.033887808
Mgmt,-1.818050351,0.033892773
Rbm6,-0.719892081,0.033954348
Itprid2,0.228484418,0.034004342
Ankzf1,0.716825464,0.03400584
Eme2,-0.752377757,0.034010769
Gm11878,0.505055157,0.034038008
Tomm70a,-0.838079103,0.034103563
Zdhhc2,-0.520103345,0.034116511
Retsat,0.251002334,0.034135266
Dcaf17,-1.101226513,0.034142369
Pcyt2,-0.615231556,0.034193338
Rps9,-0.39217865,0.034199154
Fam129c,0.26687103,0.034239014
Dpysl2,-0.837468597,0.03426065
Zfp715,-1.536361862,0.034316704
Itm2a,-1.770927491,0.034381237
Mrpl35,-1.5776577,0.034410793
AI987944,0.722836904,0.03451028
Serpinf1,-0.950863781,0.034528301
Ahnak,-1.767669937,0.034572451
Aurka,-1.645989115,0.034574613
Ube2d3,-0.649349852,0.034591392
Atxn7l1,0.826456116,0.034600312
Ccndbp1,-0.810676302,0.034614078
Grpel2,-1.295015462,0.03464368
Ftl1,0.946629353,0.034696414
Per2,-2.42352593,0.034710321
Etl4,0.701120395,0.034741606
Anapc16,-0.67723677,0.034781499
Tmem39a,-1.92176228,0.034817725
Pced1a,0.0966357,0.034822729
Mkln1,-0.651764391,0.034842602
Hnrnpdl,-1.157527798,0.034884604
Fbf1,-0.370533855,0.034942278
Zfp846,-1.671298497,0.03494996
Efl1,-0.7963433,0.034965504
Got1,0.319055187,0.035000428
Ncor2,0.014010149,0.035018514
Cspg4,1.423872373,0.035024586
Ifit1,1.47820173,0.035035095
Dnajb5,-0.782946142,0.035041569
4930481A15Rik,-0.636947172,0.035052681
Gp5,-0.878585226,0.03505766
Kctd15,-0.678071905,0.035070144
Cast,0.589150622,0.035132109
Eny2,-0.832650985,0.035177747
Twsg1,-0.611072791,0.035193582
Cd82,1.03374381,0.035222622
Fgd5,2.312206408,0.035235397
Rpl27-ps3,0.713976667,0.035271288
Setd5,-2.812152251,0.035279256
Snap47,1.034509237,0.035287607
Klhl6,-1.067649362,0.035295153
Mrps17,-0.91910029,0.035315179
Nadk2,0.627724887,0.03533261
Lap3,-2.722243581,0.035335237
Gpihbp1,-0.928492702,0.03545258
Tulp4,-1.145850558,0.035493279
Pramef8,1.125667518,0.03550772
Mon2,0.687904517,0.035525906
G2e3,-0.392195825,0.035527264
Arhgap17,-0.883300691,0.035544335
Adgrb2,-1.838854037,0.035572557
Wsb1,-1.194902746,0.035601267
Med25,-0.834870134,0.035621472
Tnfrsf22,-0.279902088,0.035623576
Rps12,0.657892436,0.035637669
Pnkp,0.907945473,0.035684251
Rmnd5a,-0.297191417,0.035718935
Zscan22,-0.569560033,0.03578972
Alg6,1.033485767,0.03579432
Rap1gds1,1.103253766,0.035825076
Trarg1,-0.897610142,0.03586763
Mroh1,-0.925999419,0.035950044
Snrpe,0.497605098,0.035958834
Fbxl16,0.501253462,0.035962499
E330017L17Rik,-1.470627208,0.035966011
Mettl27,0.635490755,0.036002364
Adgrl2,-0.787862995,0.036016872
Lsm4,-1.221387579,0.036039221
Gm49390,-2.330474912,0.036044498
Pomt2,-0.263034406,0.036050264
Khsrp,-0.793065985,0.036056218
Pla2g3,-0.348120987,0.036068877
Afmid,-0.495770272,0.03606983
Sbk2,0.912547701,0.036131566
Dlc1,0.831351528,0.036148306
Gm14267,-1.160732684,0.036162725
1110065P20Rik,-1.054798433,0.036180536
Atp6v0b,-0.65079821,0.036193771
Pam,-0.97832477,0.03630516
2900093K20Rik,2.593032243,0.036340002
Smpd1,-0.521236903,0.036398162
9430037G07Rik,0.377754013,0.036421031
Lztr1,-0.756247705,0.036447404
Ap2a1,0.713646114,0.036476725
Rpl6,0.673637373,0.036587922
Gm10118,0.565597176,0.036645486
Fam118b,-0.61667136,0.03667082
Pank2,-0.939374867,0.036679498
Fam160a2,-0.439686849,0.036690687
Odf2l,-1.987356927,0.036703729
Gcc1,0.378511623,0.036835635
Laptm4a,0.80663935,0.036906682
Zfp560,-1.081622828,0.036932743
Racgap1,0.263226672,0.036997797
Capza2,0.552933134,0.037037166
Ddx5,-0.268377727,0.037082568
Ift27,1.185334978,0.03710249
Map1s,0.898733142,0.037126002
Xlr4a,-0.455679484,0.037133236
Rpn2,-0.752083737,0.037141256
Ttc19,-0.352717053,0.037260032
Flot1,1.262955198,0.037263894
Dock5,0.363024758,0.037277189
Mrm2,1.338724528,0.037289272
Ttc39a,0.60974918,0.037306446
Sh3glb1,-1.082917551,0.037323391
Trim23,1.42434395,0.037349106
Prrc2a,1.498758516,0.037353176
Gm43360,1.299732029,0.037355991
Acyp2,0.455679484,0.037370958
Ablim2,-1.313366081,0.037393107
Sugct,-0.880505998,0.037403161
Cpsf3,-1.136699378,0.0374473
Fam120b,-1.405472391,0.03751519
Sh3glb2,-0.887068109,0.037515713
Nagpa,-0.849652197,0.037521578
Hdhd3,-1.636510611,0.037524682
Rab3il1,0.472068444,0.03758148
Sec11a,-2.050772364,0.037595083
Mbd4,0.623473901,0.037611361
Stx4a,1.655616813,0.037666154
Bcdin3d,-1.116849853,0.037678097
D130017N08Rik,-1.509846813,0.037703418
Smarca1,-0.557479019,0.037732493
Atxn7l3b,-0.760212047,0.037733352
Adgrf4,-1.011297282,0.037749432
Rai1,-0.516247996,0.037757129
Crcp,2.636964827,0.03775957
Kat8,-0.590316187,0.037762767
Gm15903,-0.516015147,0.037903372
Sirt3,0.437405312,0.037928971
Comp,0.30610605,0.037940116
Dync2h1,1.638901308,0.037973907
Prr14,-1.41533813,0.037974344
Muc16,-1.100968196,0.037976141
Surf1,1.242880904,0.038021683
Thoc1,-0.359784566,0.038036899
Acd,0.686704118,0.038043298
Xpnpep3,2.119764917,0.038072166
Ubxn6,1.107854878,0.038096154
Pabpn1,0.659032217,0.038119429
Srpk1,0.907102417,0.038122045
Ube2m,0.748378659,0.038125549
Plpp5,-1.455851949,0.038175486
Gga3,-1.50248218,0.03820627
Phf24,-2.623155654,0.038248435
Mndal,1.196538396,0.038279918
Ctr9,-2.548904185,0.038399196
Rnf10,-1.553875243,0.038448617
Acin1,0.172594188,0.0385853
Scube2,-0.958262812,0.038590626
Tpra1,-2.683392383,0.038595891
Mapk9,-1.36679601,0.038640894
Nutf2,-0.411644797,0.038677861
Ssh2,1.101552,0.038683264
Hsd17b10,0.620675448,0.038718232
Gtf2ird1,-0.597215702,0.038723469
Clec1a,2.477284554,0.038758751
Wsb1,0.679722345,0.038766287
Paip1,-1.427184001,0.038925873
Ablim1,-0.951651359,0.038982588
Ccl27a,2.213586922,0.038988344
Fastk,0.485327403,0.039020609
Trp53bp2,-0.761565384,0.03902607
Capns1,-0.944775417,0.039041772
Abcb8,-0.898093918,0.039131479
Setx,0.98557622,0.039191704
Lilra5,0.587015064,0.039196481
37316,0.963474124,0.039197171
Spats2l,-1.545912223,0.039207423
Trio,-0.96298968,0.039274198
Mia3,-1.712099767,0.039286266
Kifc2,0.64628536,0.039286904
Grk3,1.67631029,0.039339123
Mndal,1.571777764,0.039382403
Huwe1,1.02414697,0.039415025
Scmh1,0.075130686,0.039418549
Diablo,-0.960120262,0.039488501
Hnmt,0.54922979,0.039490454
Ccdc141,0.767772348,0.039509119
Kantr,1.246119001,0.039564278
A230087F16Rik,0.678071905,0.039576042
Aste1,-1.35132776,0.039610568
Bcr,-1.660049887,0.039615986
Gdi1,-0.956853344,0.039639586
Rps16-ps2,1.721119752,0.039728915
Rtf1,0.590632611,0.039733301
Arrdc2,-0.381515595,0.039814002
Tfpt,-1.192158707,0.039836224
Cdkl2,-1.509439791,0.039841199
Tasor,-1.534308038,0.039879373
Mtmr1,-3.512254627,0.039885313
Gm2897,-0.512734845,0.039886885
Bphl,-0.307901075,0.039935851
Tango2,1.540143275,0.039947382
Bex3,0.862175842,0.039973078
Gm34934,-0.570683157,0.040019098
Scn3b,0.257904489,0.040038215
Zfhx2,-0.512129621,0.040041696
Ctps2,0.605518242,0.040043786
Kcnj14,0.676082438,0.04017071
Atpif1,-1.478732175,0.040189003
H2-T22,-1.007656463,0.040205431
Gas8,0.899919554,0.040236796
Mtus1,1.26525667,0.040240176
Rpn2,-1.938573358,0.040243147
Cdc123,1.399110492,0.040282503
Copg1,1.116111769,0.040297203
Zfand4,0.632928816,0.040305645
Gamt,-2.938489681,0.040324631
Ptpre,1.149004787,0.040411076
Nup214,-1.520975062,0.04042498
Sfxn2,1.241566929,0.040467743
Cep104,-1.707708605,0.040526366
Gm42457,1.010197257,0.040572153
Gm5560,-0.539848133,0.040585446
Dusp11,-0.882119969,0.040659951
Crlf2,2.022640657,0.040660924
Ippk,-1.392195558,0.040717118
Gphn,-0.964367711,0.040737764
Dis3l,-1.108625514,0.040742769
Svil,-1.836270857,0.040757286
Stard9,1.142342399,0.040786312
Sox6,1.356072036,0.040797213
Zeb1,-0.68454509,0.040961048
Zmym6,1.721787113,0.040963693
Dpp3,-1.443486364,0.040966441
Mrps24,1.680530706,0.040987838
Il3ra,-1.374728232,0.040997004
Nudt7,0.79795195,0.041025138
Tars,0.955198989,0.041033885
Stx4a,0.92705018,0.041070141
Dcaf15,-1.319391327,0.041111538
Eny2,-0.358067111,0.041118219
Map2k7,0.441975445,0.0411338
Sec24c,0.588993777,0.041214158
E030013I19Rik,1.618127599,0.041277596
Cldn5,-0.555839343,0.041322432
9530085L11Rik,-1.430689234,0.041346141
Pi16,0.384512632,0.041371976
Apbb1,-1.094234585,0.04138152
Map6,1.128424428,0.041415789
Ccnd3,-0.93423933,0.041421991
Larp1b,-1.284350234,0.04143318
Mecp2,-1.370469461,0.041475964
Pttg1,0.222392421,0.041494079
Limch1,-0.541973042,0.041548134
Tnfrsf1a,0.759790262,0.041555147
Hivep2,-1.208908633,0.041608076
Galnt10,-1.541776894,0.041632083
Pgap1,-0.280744326,0.041654917
Dpp3,1.145339363,0.041662619
Cnih1,0.196809178,0.041674311
Eif5a2,-1.154268114,0.041692137
Pacs2,-0.628744193,0.0417377
Nfatc2,-0.386356945,0.04198181
Eif2s2,-1.16781798,0.041989458
Ppard,-1.07526255,0.042017254
Med10,0.809315156,0.042054224
Plcxd1,0.794771658,0.042080027
5530601H04Rik,0.435259847,0.042096213
Ginm1,0.795212737,0.042119473
Mecr,1.085238328,0.042133565
Anapc15,0.019212404,0.042151566
Emc1,-0.739772891,0.042199338
Tfeb,0.637714979,0.042217845
A730017L22Rik,0.711863039,0.042219926
Gm12918,-0.326451329,0.042225431
Hadhb,-1.074599533,0.042230185
Per1,1.381336831,0.042230817
Elof1,-2.016022837,0.042238386
Hspa8,0.439157028,0.04225143
Me3,1.234418663,0.042339146
Nop53,1.302758449,0.042411932
Qrich1,-0.963469083,0.042425963
Phf23,0.419822719,0.04243256
Eif5a,-0.751009303,0.042490374
Cabin1,-1.948857993,0.042498374
Kctd18,-1.239338313,0.042583932
Rabl6,-0.421324459,0.042597776
Zdhhc4,-0.725509079,0.042667856
Cdk20,1.335675558,0.042671835
Zfp644,0.388619511,0.042681355
4930431P19Rik,-1.242713803,0.042697276
Thyn1,0.531649844,0.04271019
Krtcap2,-2.099149999,0.042718145
Cmtr1,-0.805267399,0.042722684
Pank1,0.547162829,0.042723492
Agap1,1.808268558,0.042771072
Nos3,-0.948355098,0.042773744
Pfkfb1,-0.947061986,0.042801325
Uaca,1.547317733,0.042807055
Gabbr1,0.813001897,0.042809205
Alg2,1.059152677,0.042819573
Wars2,0.54782037,0.042865048
Tigar,1.11131971,0.042877955
Cdc25a,0.98589993,0.042908208
Trim68,0.732766588,0.042914935
Maea,-2.802465695,0.042921295
Ssh3,1.0897246,0.04292222
Dyrk1b,-0.735406448,0.042944964
Cox18,1.63096912,0.04294618
Igf2bp2,1.48154174,0.042964939
Kars,-1.697712862,0.043057442
Armcx3,-1.085175014,0.043065736
Exoc5,-1.329461768,0.043072803
Maz,-0.829509244,0.043197451
Pzp,0.801289924,0.043201542
Tbrg4,-0.635579769,0.043209209
Anks3,0.273972512,0.043230311
Acy3,0.573787997,0.043258178
Nrbp1,-1.468067311,0.043259513
2900076A07Rik,-0.128260493,0.043285589
Fermt2,0.825638858,0.043354487
L2hgdh,1.029630678,0.043359935
Mvp,0.544878661,0.0434173
Rbm39,0.76799249,0.043459982
Vegfa,0.798552266,0.043463286
Fam76b,-1.219859654,0.043475025
Lamp2,-0.825029141,0.043498957
Alg5,0.795367187,0.043499725
Dnlz,-0.937136892,0.043505256
Ddn,-1.064458159,0.043505979
Cdca3,-0.736965594,0.043507005
Cstf1,-0.316602164,0.043516995
Arhgap23,-1.32052093,0.043586447
Atp1a2,-1.295218005,0.043635245
Cdk2,-2.205117157,0.043670031
Fxyd1,0.206213051,0.043670941
Cdk18,0.432677274,0.043699406
Praf2,1.113280047,0.043703921
Cacna2d1,-0.466864376,0.043723614
Kcnb1,1.60819179,0.043747766
Fance,1.170466721,0.043753797
Rhot1,2.37534096,0.043776033
Tead1,0.925766438,0.043794222
Fau,-0.373000999,0.043965456
Cnot7,0.81698141,0.04397076
Col5a3,-0.136992111,0.043973258
Abcd2,-0.476976864,0.044017398
Chadl,0.711037418,0.044023424
Mapk1ip1l,-0.40886104,0.044057654
B230118H07Rik,1.961882194,0.044057827
Pfdn5,0.6311363,0.044067836
Coq5,-0.628019622,0.044073123
Msl3,0.706666722,0.044104292
Wwc2,1.960677305,0.044135244
Actn2,1.429656961,0.044147474
Casq1,-0.277803078,0.044152931
Sf3b1,-0.728420324,0.044164516
Gm44597,1.007720678,0.04417266
Ankra2,-0.693520488,0.044236239
Tmem116,-0.766286042,0.044273472
Ensa,0.252940617,0.044316352
Zfand3,1.146897192,0.044357248
Adh5,1.314603154,0.044362969
Pepd,-0.389851657,0.044364835
Neurl4,-1.144242477,0.044377301
Zc3h11a,1.68848094,0.044425591
Pgghg,0.669057103,0.044435005
Smarca2,1.144990498,0.044491383
mt-Atp8,-0.728430115,0.04449779
Atp5pb,1.853016486,0.044533009
Uchl3,-1.472117514,0.044579971
Ccl25,-0.057473782,0.044587703
Cuedc2,-0.152003093,0.044629239
Tnik,0.89741877,0.044658823
Nnt,-1.281064487,0.044699894
Sgta,0.382849643,0.044702081
Fam122b,1.275963992,0.044716872
Dlg3,-1.204052616,0.044717903
Flywch1,2.26853505,0.044815745
BC034090,-1.791619524,0.044863444
Utrn,0.294103283,0.044896806
Zfp707,-0.056752451,0.044902837
Mocs3,1.660444027,0.044934005
Slc25a3,-1.074000581,0.044988193
Fry,-0.659666624,0.045012299
Dock10,-0.48393258,0.045031434
Alkbh5,1.474296815,0.04504463
Sos2,1.161153074,0.045065835
L3mbtl2,-1.45910515,0.045093974
Med12,0.517202449,0.045099734
C1qtnf2,1.646622486,0.045167126
Fryl,0.598383016,0.045182577
Ndufs6,1.371212983,0.045206491
Rcn3,1.227364847,0.045219774
Pde4a,1.07664907,0.045260989
Itgb6,1.283003773,0.045325275
Arpp19,2.383862244,0.045326695
2310002L09Rik,-0.842199062,0.045363805
Ttyh2,0.929475346,0.045378669
Per1,-0.631329633,0.045383362
Gm47985,1.205148243,0.045394853
Birc5,0.530514717,0.045462927
Polr3c,-0.394103993,0.045467486
Acaa1a,-0.601497235,0.045478854
Dnaja4,-0.833356295,0.045481868
Fut11,-1.06834733,0.045508793
Uba7,0.882994135,0.045522791
Spag5,0.489768374,0.045540279
Ankrd13b,-0.570588552,0.045555984
Sh2d3c,1.007218214,0.045582269
Aldoa,-1.779575123,0.045585185
Pde4d,-1.452407231,0.04558534
Mfap1a,-0.68058435,0.045627139
Vps26b,1.267246125,0.045630902
Atp2a2,1.881839871,0.045662989
Slc1a2,2.977221133,0.04571844
Entr1,0.508086598,0.045766243
Gpank1,-1.204751648,0.045795369
Gm34678,-1.573680446,0.045818432
Cdk5rap2,-0.782943369,0.045911388
Gm49317,-0.730417527,0.045952704
Rnf207,0.768216528,0.045962655
Rabl6,-0.57032087,0.04597327
Plcg1,0.662667284,0.045978609
Cox14,0.937915683,0.045998476
Slc35e2,1.070526992,0.045999142
Poln,-0.563577329,0.046009514
Hspg2,-0.363957493,0.046057156
Phf21b,-0.516221026,0.04605833
Crebbp,-0.837784247,0.046080417
Erlec1,1.406294448,0.046088371
Mybpc3,-1.423062441,0.046094969
Cpxm1,-1.38777216,0.046168355
BC003965,-0.836989657,0.046194142
Mapk1,-0.747813454,0.046197041
Zfp768,0.653650347,0.046197832
Hebp2,-0.871536054,0.046215656
Pf4,0.528195324,0.046296202
Lrig2,0.969336079,0.046362416
Notch4,-2.727110705,0.046386411
Paxx,-0.509949146,0.046477053
Ints9,1.079553287,0.046490098
Nfya,-0.336584075,0.046547565
Chchd6,0.433126451,0.046580278
Memo1,-1.09210561,0.046595334
Hmga1,-1.001255447,0.046600378
Tsn,0.815096831,0.046627465
Zfp973,-0.642087112,0.046653828
Thyn1,1.24941107,0.04669107
Spryd7,-0.399657676,0.04669255
Zc3h15,0.405229932,0.046715202
Slc15a3,-1.313997618,0.046746154
Gm5141,-1.333583115,0.046854918
Irgm2,-0.624197664,0.046879354
Map7d1,-1.026687227,0.046882023
Klhdc10,-0.328912563,0.046983546
Tmcc3,1.73941672,0.047011003
Ap1ar,-1.005336991,0.047070892
Mxra8,0.820834434,0.047193537
Gtf2h2,0.358501079,0.047218066
Trp53inp2,1.19430581,0.047236738
Flna,1.432880195,0.047261398
Psmb3,-3.089077612,0.047317992
Zfp710,0.533947808,0.047420748
Prmt1,0.308122295,0.04743849
Prdm15,-0.012301218,0.047447723
Krit1,1.293185018,0.047457011
Fbxl18,0.890761042,0.047508019
Plekhg3,0.604631047,0.047534969
Telo2,-1.370189666,0.047557658
Kifap3,-0.972383314,0.047560591
Atxn2,0.64846247,0.047592784
Xpo4,-1.569100007,0.047598638
Fxyd2,0.313101792,0.047618725
Ttc14,-0.52405687,0.047620787
4833439L19Rik,1.967199768,0.047689302
Cp,1.27414169,0.047694693
Arhgap21,-2.688617958,0.047703291
Gpn2,-1.362710449,0.047714521
Timm21,-0.822496754,0.047724529
Mdh2,1.276080771,0.047777304
Ppp5c,0.395568679,0.047778776
Ndufb11,1.074718082,0.047788629
Exo1,-1.750985221,0.047791725
Rc3h2,-0.6174585,0.047849833
Tra2b,1.813717334,0.047881385
Crip2,0.143377055,0.047897113
Tmem209,1.094011476,0.047924597
Ndst2,0.454931846,0.047944979
Gm3470,-0.74773019,0.04795445
Arhgap17,1.031485455,0.047963184
Sel1l,-1.537768351,0.047968118
Eed,0.960726885,0.04799333
Zc3h7a,-0.286667904,0.048013943
Clstn2,-1.047346058,0.048025611
Snrnp70,0.783156796,0.048087661
Gm16008,-2.521498094,0.04811156
2810410L24Rik,0.65907582,0.048129955
Uap1,-1.151595471,0.048134242
Hnrnpll,1.442847311,0.048181008
Tox,-0.99712097,0.04819398
Atp2a3,0.327687364,0.048230372
4833420G17Rik,-0.636844955,0.048297908
Cd74,-0.591785335,0.048354954
Endou,-1.214622201,0.048398237
Tmem196,-1.489627832,0.0484321
Cap2,0.577766999,0.048527514
Lrpprc,1.138975613,0.048529528
Rbm42,0.597596392,0.048538012
Sgsh,0.854472949,0.04855208
Gm49336,0.726750624,0.048552769
Gbf1,-0.919580777,0.048640302
Gnao1,-1.177049436,0.048666757
Hspb6,1.679247067,0.048675944
Usp33,0.316312545,0.048688746
Vav1,0.912605342,0.048720864
mt-Co1,0.758120399,0.048759553
Tmem138,2.160786616,0.048780285
Dusp12,-1.114959234,0.048825815
Prc1,0.715361823,0.048851339
Atg9a,1.017259859,0.048907974
Pard6b,-0.967026971,0.04891947
Itgb3bp,-0.570955643,0.048929728
Sltm,-0.472100285,0.048933476
Pex6,1.47345432,0.048935256
Rbm5,-0.106769286,0.048957933
Rbm5,-0.733365967,0.048973473
Stard7,-1.121863397,0.049015211
Gm50069,-1.438153479,0.049085638
Kbtbd3,-0.430658559,0.049102531
Stab1,-1.37332599,0.049106691
Cdk2ap2,-0.985522069,0.049111991
Anapc4,0.971584904,0.049218663
Slc25a3,-1.684676552,0.049246564
Gm42670,0.837235427,0.049252581
Polm,0.348035758,0.049256165
Foxp1,-1.654596776,0.049267659
Mrps18a,-1.363709757,0.049306574
Pkig,-1.300159754,0.049312413
4931440P22Rik,-1.51168865,0.049375411
Qsox1,0.533034709,0.0494025
Gm17634,1.21074429,0.049470318
Actr8,-0.40287419,0.049474337
Hap1,0.820737134,0.049483065
Dctn6,0.832439616,0.049618016
Lrrc71,1.199534857,0.049629889
Rgs17,-1.204074712,0.049658313
Ccnh,0.289049436,0.04966587
Sacs,-0.510988341,0.04967091
Clptm1l,1.982483788,0.049694965
Rbm34,1.519073359,0.049784289
Gm6548,0.267787505,0.049823427
Borcs8,-1.21801929,0.049826247
Gm49797,-0.509431181,0.049834397
Tmem8b,1.02376688,0.049994594